,ï»¿ExportDate,StudioVersionRec,StudioProjectName,StudioTestName,ParticipantName,RecordingName,RecordingDate,RecordingDuration,RecordingResolution,FixationFilter,MediaName,MediaPosX (ADCSpx),MediaPosY (ADCSpx),MediaWidth,MediaHeight,SegmentName,SegmentStart,SegmentEnd,SegmentDuration,SceneName,SceneSegmentStart,SceneSegmentEnd,SceneSegmentDuration,RecordingTimestamp,LocalTimeStamp,EyeTrackerTimestamp,FixationIndex,SaccadeIndex,GazeEventType,GazeEventDuration,FixationPointX (MCSpx),FixationPointY (MCSpx),AOI[class definition]Hit,AOI[instance variables]Hit,AOI[constructor]Hit,AOI[diploma method]Hit,AOI[courses method]Hit,AOI[main method]Hit,AOI[courses method vars]Hit,AOI[courses method while]Hit,AOI[main method list student]Hit,AOI[main method if]Hit,AOI[main method else]Hit,1,2,3,4,5,6,7,8,9,10,11,12,13,14,15,16,17,18,22,23,24,25,26,27,28,29,30,31,32,33,34,35,36,37,38,39,40,41,42,ValidityLeft,ValidityRight,LineNumber
0,25/03/2019,3.2.3,TestRenske,AOITest,AOITestStudentClass,Rec 01,25/03/2019,45867,1920 x 1200,I-VT filter,studentClass.png,185,15,1550,1170,,,,,,,,,739,14:41:17,1553520000000000.0,1,,Fixation,600,279,786,0,0,0,0,0,1,0,0,0,0,0,0,0,0,0,0,0,0,0,0,0,0,0,0,0,0,0,0,0,0,0,0,0,0,0,0,0,1,0,0,0,0,0,0,0,0,0,0,0,0,0,0,30
1,25/03/2019,3.2.3,TestRenske,AOITest,AOITestStudentClass,Rec 01,25/03/2019,45867,1920 x 1200,I-VT filter,studentClass.png,185,15,1550,1170,,,,,,,,,1006,14:41:17,1553518703587637.0,2,,Fixation,100,239,816,0,0,0,0,0,1,0,0,0,0,0,0,0,0,0,0,0,0,0,0,0,0,0,0,0,0,0,0,0,0,0,0,0,0,0,0,0,0,1,0,0,0,0,0,0,0,0,0,0,0,0,0,31
2,25/03/2019,3.2.3,TestRenske,AOITest,AOITestStudentClass,Rec 01,25/03/2019,45867,1920 x 1200,I-VT filter,studentClass.png,185,15,1550,1170,,,,,,,,,1189,14:41:17,1553520000000000.0,3,,Fixation,133,202,109,0,1,0,0,0,0,0,0,0,0,0,0,0,0,1,0,0,0,0,0,0,0,0,0,0,0,0,0,0,0,0,0,0,0,0,0,0,0,0,0,0,0,0,0,0,0,0,0,0,0,0,0,4
3,25/03/2019,3.2.3,TestRenske,AOITest,AOITestStudentClass,Rec 01,25/03/2019,45867,1920 x 1200,I-VT filter,studentClass.png,185,15,1550,1170,,,,,,,,,1372,14:41:18,1553518703953942.0,4,,Fixation,167,145,60,0,1,0,0,0,0,0,0,0,0,0,0,0,0,0,0,0,0,0,0,0,0,0,0,0,0,0,0,0,0,0,0,0,0,0,0,0,0,0,0,0,0,0,0,0,0,0,0,0,0,0,0,0
4,25/03/2019,3.2.3,TestRenske,AOITest,AOITestStudentClass,Rec 01,25/03/2019,45867,1920 x 1200,I-VT filter,studentClass.png,185,15,1550,1170,,,,,,,,,1555,14:41:18,1553518704137159.0,5,,Fixation,799,215,64,0,1,0,0,0,0,0,0,0,0,0,0,0,1,0,0,0,0,0,0,0,0,0,0,0,0,0,0,0,0,0,0,0,0,0,0,0,0,0,0,0,0,0,0,0,0,0,0,0,0,0,0,3
5,25/03/2019,3.2.3,TestRenske,AOITest,AOITestStudentClass,Rec 01,25/03/2019,45867,1920 x 1200,I-VT filter,studentClass.png,185,15,1550,1170,,,,,,,,,2372,14:41:19,1553518704953137.0,6,,Fixation,433,239,69,0,1,0,0,0,0,0,0,0,0,0,0,0,1,0,0,0,0,0,0,0,0,0,0,0,0,0,0,0,0,0,0,0,0,0,0,0,0,0,0,0,0,0,0,0,0,0,0,0,0,0,0,3
6,25/03/2019,3.2.3,TestRenske,AOITest,AOITestStudentClass,Rec 01,25/03/2019,45867,1920 x 1200,I-VT filter,studentClass.png,185,15,1550,1170,,,,,,,,,3004,14:41:19,1553518705585893.0,7,,Fixation,100,219,100,0,1,0,0,0,0,0,0,0,0,0,0,0,0,1,0,0,0,0,0,0,0,0,0,0,0,0,0,0,0,0,0,0,0,0,0,0,0,0,0,0,0,0,0,0,0,0,0,0,0,0,0,4
7,25/03/2019,3.2.3,TestRenske,AOITest,AOITestStudentClass,Rec 01,25/03/2019,45867,1920 x 1200,I-VT filter,studentClass.png,185,15,1550,1170,,,,,,,,,3121,14:41:19,1553520000000000.0,8,,Fixation,217,169,116,0,1,0,0,0,0,0,0,0,0,0,0,0,0,0,0,0,0,0,0,0,0,0,0,0,0,0,0,0,0,0,0,0,0,0,0,0,0,0,0,0,0,0,0,0,0,0,0,0,0,0,0,0
8,25/03/2019,3.2.3,TestRenske,AOITest,AOITestStudentClass,Rec 01,25/03/2019,45867,1920 x 1200,I-VT filter,studentClass.png,185,15,1550,1170,,,,,,,,,3387,14:41:20,1553520000000000.0,9,,Fixation,183,218,68,0,1,0,0,0,0,0,0,0,0,0,0,0,1,0,0,0,0,0,0,0,0,0,0,0,0,0,0,0,0,0,0,0,0,0,0,0,0,0,0,0,0,0,0,0,0,0,0,0,0,0,0,3
9,25/03/2019,3.2.3,TestRenske,AOITest,AOITestStudentClass,Rec 01,25/03/2019,45867,1920 x 1200,I-VT filter,studentClass.png,185,15,1550,1170,,,,,,,,,3604,14:41:20,1553518706185415.0,10,,Fixation,266,277,72,0,1,0,0,0,0,0,0,0,0,0,0,0,1,0,0,0,0,0,0,0,0,0,0,0,0,0,0,0,0,0,0,0,0,0,0,0,0,0,0,0,0,0,0,0,0,0,0,0,0,0,0,3
10,25/03/2019,3.2.3,TestRenske,AOITest,AOITestStudentClass,Rec 01,25/03/2019,45867,1920 x 1200,I-VT filter,studentClass.png,185,15,1550,1170,,,,,,,,,3920,14:41:20,1553518706501856.0,11,,Fixation,233,166,87,0,1,0,0,0,0,0,0,0,0,0,0,0,0,0,0,0,0,0,0,0,0,0,0,0,0,0,0,0,0,0,0,0,0,0,0,0,0,0,0,0,0,0,0,0,0,0,0,0,0,0,0,0
11,25/03/2019,3.2.3,TestRenske,AOITest,AOITestStudentClass,Rec 01,25/03/2019,45867,1920 x 1200,I-VT filter,studentClass.png,185,15,1550,1170,,,,,,,,,4170,14:41:20,1553518706751691.0,12,,Fixation,217,211,81,0,1,0,0,0,0,0,0,0,0,0,0,0,1,0,0,0,0,0,0,0,0,0,0,0,0,0,0,0,0,0,0,0,0,0,0,0,0,0,0,0,0,0,0,0,0,0,0,0,0,0,0,3
12,25/03/2019,3.2.3,TestRenske,AOITest,AOITestStudentClass,Rec 01,25/03/2019,45867,1920 x 1200,I-VT filter,studentClass.png,185,15,1550,1170,,,,,,,,,4420,14:41:21,1553518707001399.0,13,,Fixation,200,156,86,0,1,0,0,0,0,0,0,0,0,0,0,0,0,0,0,0,0,0,0,0,0,0,0,0,0,0,0,0,0,0,0,0,0,0,0,0,0,0,0,0,0,0,0,0,0,0,0,0,0,0,0,0
13,25/03/2019,3.2.3,TestRenske,AOITest,AOITestStudentClass,Rec 01,25/03/2019,45867,1920 x 1200,I-VT filter,studentClass.png,185,15,1550,1170,,,,,,,,,4653,14:41:21,1553520000000000.0,14,,Fixation,283,286,79,0,1,0,0,0,0,0,0,0,0,0,0,0,1,0,0,0,0,0,0,0,0,0,0,0,0,0,0,0,0,0,0,0,0,0,0,0,0,0,0,0,0,0,0,0,0,0,0,0,0,0,0,3
14,25/03/2019,3.2.3,TestRenske,AOITest,AOITestStudentClass,Rec 01,25/03/2019,45867,1920 x 1200,I-VT filter,studentClass.png,185,15,1550,1170,,,,,,,,,4953,14:41:21,1553518707534307.0,15,,Fixation,200,323,83,0,1,0,0,0,0,0,0,0,0,0,0,0,1,0,0,0,0,0,0,0,0,0,0,0,0,0,0,0,0,0,0,0,0,0,0,0,0,0,0,0,0,0,0,0,0,0,0,0,0,0,0,3
15,25/03/2019,3.2.3,TestRenske,AOITest,AOITestStudentClass,Rec 01,25/03/2019,45867,1920 x 1200,I-VT filter,studentClass.png,185,15,1550,1170,,,,,,,,,5169,14:41:21,1553518707750781.0,16,,Fixation,283,403,90,0,1,0,0,0,0,0,0,0,0,0,0,0,0,0,0,0,0,0,0,0,0,0,0,0,0,0,0,0,0,0,0,0,0,0,0,0,0,0,0,0,0,0,0,0,0,0,0,0,0,0,0,0
16,25/03/2019,3.2.3,TestRenske,AOITest,AOITestStudentClass,Rec 01,25/03/2019,45867,1920 x 1200,I-VT filter,studentClass.png,185,15,1550,1170,,,,,,,,,5486,14:41:22,1553518708067216.0,17,,Fixation,216,218,114,0,1,0,0,0,0,0,0,0,0,0,0,0,0,1,0,0,0,0,0,0,0,0,0,0,0,0,0,0,0,0,0,0,0,0,0,0,0,0,0,0,0,0,0,0,0,0,0,0,0,0,0,4
17,25/03/2019,3.2.3,TestRenske,AOITest,AOITestStudentClass,Rec 01,25/03/2019,45867,1920 x 1200,I-VT filter,studentClass.png,185,15,1550,1170,,,,,,,,,5719,14:41:22,1553518708300424.0,18,,Fixation,216,272,117,0,1,0,0,0,0,0,0,0,0,0,0,0,0,0,0,0,0,0,0,0,0,0,0,0,0,0,0,0,0,0,0,0,0,0,0,0,0,0,0,0,0,0,0,0,0,0,0,0,0,0,0,0
18,25/03/2019,3.2.3,TestRenske,AOITest,AOITestStudentClass,Rec 01,25/03/2019,45867,1920 x 1200,I-VT filter,studentClass.png,185,15,1550,1170,,,,,,,,,5986,14:41:22,1553518708566752.0,19,,Fixation,183,139,126,0,1,0,0,0,0,0,0,0,0,0,0,0,0,0,1,0,0,0,0,0,0,0,0,0,0,0,0,0,0,0,0,0,0,0,0,0,0,0,0,0,0,0,0,0,0,0,0,0,0,0,0,5
19,25/03/2019,3.2.3,TestRenske,AOITest,AOITestStudentClass,Rec 01,25/03/2019,45867,1920 x 1200,I-VT filter,studentClass.png,185,15,1550,1170,,,,,,,,,6185,14:41:22,1553520000000000.0,20,,Fixation,217,197,113,0,1,0,0,0,0,0,0,0,0,0,0,0,0,1,0,0,0,0,0,0,0,0,0,0,0,0,0,0,0,0,0,0,0,0,0,0,0,0,0,0,0,0,0,0,0,0,0,0,0,0,0,4
20,25/03/2019,3.2.3,TestRenske,AOITest,AOITestStudentClass,Rec 01,25/03/2019,45867,1920 x 1200,I-VT filter,studentClass.png,185,15,1550,1170,,,,,,,,,6419,14:41:23,1553518708999805.0,21,,Fixation,83,247,105,0,1,0,0,0,0,0,0,0,0,0,0,0,0,1,0,0,0,0,0,0,0,0,0,0,0,0,0,0,0,0,0,0,0,0,0,0,0,0,0,0,0,0,0,0,0,0,0,0,0,0,0,4
21,25/03/2019,3.2.3,TestRenske,AOITest,AOITestStudentClass,Rec 01,25/03/2019,45867,1920 x 1200,I-VT filter,studentClass.png,185,15,1550,1170,,,,,,,,,6668,14:41:23,1553518709249638.0,22,,Fixation,133,173,173,0,0,1,0,0,0,0,0,0,0,0,0,0,0,0,0,1,0,0,0,0,0,0,0,0,0,0,0,0,0,0,0,0,0,0,0,0,0,0,0,0,0,0,0,0,0,0,0,0,0,0,0,6
22,25/03/2019,3.2.3,TestRenske,AOITest,AOITestStudentClass,Rec 01,25/03/2019,45867,1920 x 1200,I-VT filter,studentClass.png,185,15,1550,1170,,,,,,,,,6818,14:41:23,1553518709399492.0,23,,Fixation,183,133,173,0,0,1,0,0,0,0,0,0,0,0,0,0,0,0,0,1,0,0,0,0,0,0,0,0,0,0,0,0,0,0,0,0,0,0,0,0,0,0,0,0,0,0,0,0,0,0,0,0,0,0,0,6
23,25/03/2019,3.2.3,TestRenske,AOITest,AOITestStudentClass,Rec 01,25/03/2019,45867,1920 x 1200,I-VT filter,studentClass.png,185,15,1550,1170,,,,,,,,,7035,14:41:23,1553518709615956.0,24,,Fixation,166,215,160,0,0,1,0,0,0,0,0,0,0,0,0,0,0,0,0,1,0,0,0,0,0,0,0,0,0,0,0,0,0,0,0,0,0,0,0,0,0,0,0,0,0,0,0,0,0,0,0,0,0,0,0,6
24,25/03/2019,3.2.3,TestRenske,AOITest,AOITestStudentClass,Rec 01,25/03/2019,45867,1920 x 1200,I-VT filter,studentClass.png,185,15,1550,1170,,,,,,,,,7235,14:41:23,1553518709815795.0,25,,Fixation,283,342,157,0,0,1,0,0,0,0,0,0,0,0,0,0,0,0,0,1,0,0,0,0,0,0,0,0,0,0,0,0,0,0,0,0,0,0,0,0,0,0,0,0,0,0,0,0,0,0,0,0,0,0,0,6
25,25/03/2019,3.2.3,TestRenske,AOITest,AOITestStudentClass,Rec 01,25/03/2019,45867,1920 x 1200,I-VT filter,studentClass.png,185,15,1550,1170,,,,,,,,,7551,14:41:24,1553518710132244.0,26,,Fixation,150,435,161,0,0,1,0,0,0,0,0,0,0,0,0,0,0,0,0,1,0,0,0,0,0,0,0,0,0,0,0,0,0,0,0,0,0,0,0,0,0,0,0,0,0,0,0,0,0,0,0,0,0,0,0,6
26,25/03/2019,3.2.3,TestRenske,AOITest,AOITestStudentClass,Rec 01,25/03/2019,45867,1920 x 1200,I-VT filter,studentClass.png,185,15,1550,1170,,,,,,,,,7734,14:41:24,1553518710315336.0,27,,Fixation,200,714,160,0,0,1,0,0,0,0,0,0,0,0,0,0,0,0,0,1,0,0,0,0,0,0,0,0,0,0,0,0,0,0,0,0,0,0,0,0,0,0,0,0,0,0,0,0,0,0,0,0,0,0,0,6
27,25/03/2019,3.2.3,TestRenske,AOITest,AOITestStudentClass,Rec 01,25/03/2019,45867,1920 x 1200,I-VT filter,studentClass.png,185,15,1550,1170,,,,,,,,,7968,14:41:24,1553518710548837.0,28,,Fixation,250,799,160,0,0,1,0,0,0,0,0,0,0,0,0,0,0,0,0,1,0,0,0,0,0,0,0,0,0,0,0,0,0,0,0,0,0,0,0,0,0,0,0,0,0,0,0,0,0,0,0,0,0,0,0,6
28,25/03/2019,3.2.3,TestRenske,AOITest,AOITestStudentClass,Rec 01,25/03/2019,45867,1920 x 1200,I-VT filter,studentClass.png,185,15,1550,1170,,,,,,,,,8251,14:41:24,1553518710832033.0,29,,Fixation,200,848,160,0,0,1,0,0,0,0,0,0,0,0,0,0,0,0,0,1,0,0,0,0,0,0,0,0,0,0,0,0,0,0,0,0,0,0,0,0,0,0,0,0,0,0,0,0,0,0,0,0,0,0,0,6
29,25/03/2019,3.2.3,TestRenske,AOITest,AOITestStudentClass,Rec 01,25/03/2019,45867,1920 x 1200,I-VT filter,studentClass.png,185,15,1550,1170,,,,,,,,,8550,14:41:25,1553520000000000.0,30,,Fixation,150,186,195,0,0,1,0,0,0,0,0,0,0,0,0,0,0,0,0,0,1,0,0,0,0,0,0,0,0,0,0,0,0,0,0,0,0,0,0,0,0,0,0,0,0,0,0,0,0,0,0,0,0,0,0,7
30,25/03/2019,3.2.3,TestRenske,AOITest,AOITestStudentClass,Rec 01,25/03/2019,45867,1920 x 1200,I-VT filter,studentClass.png,185,15,1550,1170,,,,,,,,,8734,14:41:25,1553520000000000.0,31,,Fixation,383,256,193,0,0,1,0,0,0,0,0,0,0,0,0,0,0,0,0,0,1,0,0,0,0,0,0,0,0,0,0,0,0,0,0,0,0,0,0,0,0,0,0,0,0,0,0,0,0,0,0,0,0,0,0,7
31,25/03/2019,3.2.3,TestRenske,AOITest,AOITestStudentClass,Rec 01,25/03/2019,45867,1920 x 1200,I-VT filter,studentClass.png,185,15,1550,1170,,,,,,,,,9133,14:41:25,1553518711714205.0,32,,Fixation,200,292,201,0,0,1,0,0,0,0,0,0,0,0,0,0,0,0,0,0,1,0,0,0,0,0,0,0,0,0,0,0,0,0,0,0,0,0,0,0,0,0,0,0,0,0,0,0,0,0,0,0,0,0,0,7
32,25/03/2019,3.2.3,TestRenske,AOITest,AOITestStudentClass,Rec 01,25/03/2019,45867,1920 x 1200,I-VT filter,studentClass.png,185,15,1550,1170,,,,,,,,,9350,14:41:26,1553518711930671.0,33,,Fixation,150,268,229,0,0,1,0,0,0,0,0,0,0,0,0,0,0,0,0,0,0,1,0,0,0,0,0,0,0,0,0,0,0,0,0,0,0,0,0,0,0,0,0,0,0,0,0,0,0,0,0,0,0,0,0,8
33,25/03/2019,3.2.3,TestRenske,AOITest,AOITestStudentClass,Rec 01,25/03/2019,45867,1920 x 1200,I-VT filter,studentClass.png,185,15,1550,1170,,,,,,,,,9516,14:41:26,1553520000000000.0,34,,Fixation,533,343,230,0,0,1,0,0,0,0,0,0,0,0,0,0,0,0,0,0,0,1,0,0,0,0,0,0,0,0,0,0,0,0,0,0,0,0,0,0,0,0,0,0,0,0,0,0,0,0,0,0,0,0,0,8
34,25/03/2019,3.2.3,TestRenske,AOITest,AOITestStudentClass,Rec 01,25/03/2019,45867,1920 x 1200,I-VT filter,studentClass.png,185,15,1550,1170,,,,,,,,,10316,14:41:27,1553518712896629.0,35,,Fixation,150,213,342,0,0,0,1,0,0,0,0,0,0,0,0,0,0,0,0,0,0,0,0,0,0,1,0,0,0,0,0,0,0,0,0,0,0,0,0,0,0,0,0,0,0,0,0,0,0,0,0,0,0,0,0,12
35,25/03/2019,3.2.3,TestRenske,AOITest,AOITestStudentClass,Rec 01,25/03/2019,45867,1920 x 1200,I-VT filter,studentClass.png,185,15,1550,1170,,,,,,,,,10516,14:41:27,1553518713096476.0,36,,Fixation,466,249,239,0,0,1,0,0,0,0,0,0,0,0,0,0,0,0,0,0,0,0,0,0,0,0,0,0,0,0,0,0,0,0,0,0,0,0,0,0,0,0,0,0,0,0,0,0,0,0,0,0,0,0,0,0
36,25/03/2019,3.2.3,TestRenske,AOITest,AOITestStudentClass,Rec 01,25/03/2019,45867,1920 x 1200,I-VT filter,studentClass.png,185,15,1550,1170,,,,,,,,,11015,14:41:27,1553518713596018.0,37,,Fixation,250,260,188,0,0,1,0,0,0,0,0,0,0,0,0,0,0,0,0,0,1,0,0,0,0,0,0,0,0,0,0,0,0,0,0,0,0,0,0,0,0,0,0,0,0,0,0,0,0,0,0,0,0,0,0,7
37,25/03/2019,3.2.3,TestRenske,AOITest,AOITestStudentClass,Rec 01,25/03/2019,45867,1920 x 1200,I-VT filter,studentClass.png,185,15,1550,1170,,,,,,,,,11298,14:41:27,1553518713879093.0,38,,Fixation,250,174,358,0,0,0,1,0,0,0,0,0,0,0,0,0,0,0,0,0,0,0,0,0,0,0,0,0,0,0,0,0,0,0,0,0,0,0,0,0,0,0,0,0,0,0,0,0,0,0,0,0,0,0,0,0
38,25/03/2019,3.2.3,TestRenske,AOITest,AOITestStudentClass,Rec 01,25/03/2019,45867,1920 x 1200,I-VT filter,studentClass.png,185,15,1550,1170,,,,,,,,,11565,14:41:28,1553520000000000.0,39,,Fixation,150,229,347,0,0,0,1,0,0,0,0,0,0,0,0,0,0,0,0,0,0,0,0,0,0,1,0,0,0,0,0,0,0,0,0,0,0,0,0,0,0,0,0,0,0,0,0,0,0,0,0,0,0,0,0,12
39,25/03/2019,3.2.3,TestRenske,AOITest,AOITestStudentClass,Rec 01,25/03/2019,45867,1920 x 1200,I-VT filter,studentClass.png,185,15,1550,1170,,,,,,,,,11748,14:41:28,1553518714328772.0,40,,Fixation,117,335,352,0,0,0,1,0,0,0,0,0,0,0,0,0,0,0,0,0,0,0,0,0,0,1,0,0,0,0,0,0,0,0,0,0,0,0,0,0,0,0,0,0,0,0,0,0,0,0,0,0,0,0,0,12
40,25/03/2019,3.2.3,TestRenske,AOITest,AOITestStudentClass,Rec 01,25/03/2019,45867,1920 x 1200,I-VT filter,studentClass.png,185,15,1550,1170,,,,,,,,,12031,14:41:28,1553518714611848.0,41,,Fixation,83,347,356,0,0,0,1,0,0,0,0,0,0,0,0,0,0,0,0,0,0,0,0,0,0,0,0,0,0,0,0,0,0,0,0,0,0,0,0,0,0,0,0,0,0,0,0,0,0,0,0,0,0,0,0,0
41,25/03/2019,3.2.3,TestRenske,AOITest,AOITestStudentClass,Rec 01,25/03/2019,45867,1920 x 1200,I-VT filter,studentClass.png,185,15,1550,1170,,,,,,,,,12148,14:41:28,1553518714728455.0,42,,Fixation,217,202,380,0,0,0,1,0,0,0,0,0,0,0,0,0,0,0,0,0,0,0,0,0,0,0,1,0,0,0,0,0,0,0,0,0,0,0,0,0,0,0,0,0,0,0,0,0,0,0,0,0,0,0,0,13
42,25/03/2019,3.2.3,TestRenske,AOITest,AOITestStudentClass,Rec 01,25/03/2019,45867,1920 x 1200,I-VT filter,studentClass.png,185,15,1550,1170,,,,,,,,,12381,14:41:29,1553518714961547.0,43,,Fixation,167,277,387,0,0,0,1,0,0,0,0,0,0,0,0,0,0,0,0,0,0,0,0,0,0,0,0,0,0,0,0,0,0,0,0,0,0,0,0,0,0,0,0,0,0,0,0,0,0,0,0,0,0,0,0,0
43,25/03/2019,3.2.3,TestRenske,AOITest,AOITestStudentClass,Rec 01,25/03/2019,45867,1920 x 1200,I-VT filter,studentClass.png,185,15,1550,1170,,,,,,,,,12564,14:41:29,1553518715144768.0,44,,Fixation,233,345,385,0,0,0,1,0,0,0,0,0,0,0,0,0,0,0,0,0,0,0,0,0,0,0,0,0,0,0,0,0,0,0,0,0,0,0,0,0,0,0,0,0,0,0,0,0,0,0,0,0,0,0,0,0
44,25/03/2019,3.2.3,TestRenske,AOITest,AOITestStudentClass,Rec 01,25/03/2019,45867,1920 x 1200,I-VT filter,studentClass.png,185,15,1550,1170,,,,,,,,,12831,14:41:29,1553518715411221.0,45,,Fixation,183,222,285,0,0,1,0,0,0,0,0,0,0,0,0,0,0,0,0,0,0,0,0,1,0,0,0,0,0,0,0,0,0,0,0,0,0,0,0,0,0,0,0,0,0,0,0,0,0,0,0,0,0,0,0,10
45,25/03/2019,3.2.3,TestRenske,AOITest,AOITestStudentClass,Rec 01,25/03/2019,45867,1920 x 1200,I-VT filter,studentClass.png,185,15,1550,1170,,,,,,,,,13047,14:41:29,1553518715627684.0,46,,Fixation,383,198,162,0,0,1,0,0,0,0,0,0,0,0,0,0,0,0,0,1,0,0,0,0,0,0,0,0,0,0,0,0,0,0,0,0,0,0,0,0,0,0,0,0,0,0,0,0,0,0,0,0,0,0,0,6
46,25/03/2019,3.2.3,TestRenske,AOITest,AOITestStudentClass,Rec 01,25/03/2019,45867,1920 x 1200,I-VT filter,studentClass.png,185,15,1550,1170,,,,,,,,,13480,14:41:30,1553520000000000.0,47,,Fixation,333,337,367,0,0,0,1,0,0,0,0,0,0,0,0,0,0,0,0,0,0,0,0,0,0,0,1,0,0,0,0,0,0,0,0,0,0,0,0,0,0,0,0,0,0,0,0,0,0,0,0,0,0,0,0,13
47,25/03/2019,3.2.3,TestRenske,AOITest,AOITestStudentClass,Rec 01,25/03/2019,45867,1920 x 1200,I-VT filter,studentClass.png,185,15,1550,1170,,,,,,,,,13863,14:41:30,1553518716443673.0,48,,Fixation,167,219,487,0,0,0,0,1,0,1,0,0,0,0,0,0,0,0,0,0,0,0,0,0,0,0,0,0,0,0,1,0,0,0,0,0,0,0,0,0,0,0,0,0,0,0,0,0,0,0,0,0,0,0,0,17
48,25/03/2019,3.2.3,TestRenske,AOITest,AOITestStudentClass,Rec 01,25/03/2019,45867,1920 x 1200,I-VT filter,studentClass.png,185,15,1550,1170,,,,,,,,,14063,14:41:30,1553518716643516.0,49,,Fixation,316,285,481,0,0,0,0,1,0,1,0,0,0,0,0,0,0,0,0,0,0,0,0,0,0,0,0,0,0,0,0,0,0,0,0,0,0,0,0,0,0,0,0,0,0,0,0,0,0,0,0,0,0,0,0,0
49,25/03/2019,3.2.3,TestRenske,AOITest,AOITestStudentClass,Rec 01,25/03/2019,45867,1920 x 1200,I-VT filter,studentClass.png,185,15,1550,1170,,,,,,,,,14396,14:41:31,1553518716976588.0,50,,Fixation,200,215,517,0,0,0,0,1,0,1,0,0,0,0,0,0,0,0,0,0,0,0,0,0,0,0,0,0,0,0,0,1,0,0,0,0,0,0,0,0,0,0,0,0,0,0,0,0,0,0,0,0,0,0,0,18
50,25/03/2019,3.2.3,TestRenske,AOITest,AOITestStudentClass,Rec 01,25/03/2019,45867,1920 x 1200,I-VT filter,studentClass.png,185,15,1550,1170,,,,,,,,,14629,14:41:31,1553518717209678.0,51,,Fixation,416,278,519,0,0,0,0,1,0,1,0,0,0,0,0,0,0,0,0,0,0,0,0,0,0,0,0,0,0,0,0,1,0,0,0,0,0,0,0,0,0,0,0,0,0,0,0,0,0,0,0,0,0,0,0,18
51,25/03/2019,3.2.3,TestRenske,AOITest,AOITestStudentClass,Rec 01,25/03/2019,45867,1920 x 1200,I-VT filter,studentClass.png,185,15,1550,1170,,,,,,,,,15063,14:41:31,1553518717642729.0,52,,Fixation,150,223,520,0,0,0,0,1,0,1,0,0,0,0,0,0,0,0,0,0,0,0,0,0,0,0,0,0,0,0,0,1,0,0,0,0,0,0,0,0,0,0,0,0,0,0,0,0,0,0,0,0,0,0,0,18
52,25/03/2019,3.2.3,TestRenske,AOITest,AOITestStudentClass,Rec 01,25/03/2019,45867,1920 x 1200,I-VT filter,studentClass.png,185,15,1550,1170,,,,,,,,,15246,14:41:31,1553518717825825.0,53,,Fixation,483,335,504,0,0,0,0,1,0,1,0,0,0,0,0,0,0,0,0,0,0,0,0,0,0,0,0,0,0,0,1,0,0,0,0,0,0,0,0,0,0,0,0,0,0,0,0,0,0,0,0,0,0,0,0,17
53,25/03/2019,3.2.3,TestRenske,AOITest,AOITestStudentClass,Rec 01,25/03/2019,45867,1920 x 1200,I-VT filter,studentClass.png,185,15,1550,1170,,,,,,,,,15762,14:41:32,1553518718342115.0,54,,Fixation,600,384,525,0,0,0,0,1,0,1,0,0,0,0,0,0,0,0,0,0,0,0,0,0,0,0,0,0,0,0,0,1,0,0,0,0,0,0,0,0,0,0,0,0,0,0,0,0,0,0,0,0,0,0,0,18
54,25/03/2019,3.2.3,TestRenske,AOITest,AOITestStudentClass,Rec 01,25/03/2019,45867,1920 x 1200,I-VT filter,studentClass.png,185,15,1550,1170,,,,,,,,,16378,14:41:33,1553518718958263.0,55,,Fixation,316,377,494,0,0,0,0,1,0,1,0,0,0,0,0,0,0,0,0,0,0,0,0,0,0,0,0,0,0,0,1,0,0,0,0,0,0,0,0,0,0,0,0,0,0,0,0,0,0,0,0,0,0,0,0,17
55,25/03/2019,3.2.3,TestRenske,AOITest,AOITestStudentClass,Rec 01,25/03/2019,45867,1920 x 1200,I-VT filter,studentClass.png,185,15,1550,1170,,,,,,,,,16711,14:41:33,1553518719291333.0,56,,Fixation,266,197,537,0,0,0,0,1,0,1,0,0,0,0,0,0,0,0,0,0,0,0,0,0,0,0,0,0,0,0,0,1,0,0,0,0,0,0,0,0,0,0,0,0,0,0,0,0,0,0,0,0,0,0,0,18
56,25/03/2019,3.2.3,TestRenske,AOITest,AOITestStudentClass,Rec 01,25/03/2019,45867,1920 x 1200,I-VT filter,studentClass.png,185,15,1550,1170,,,,,,,,,17011,14:41:33,1553518719591156.0,57,,Fixation,200,234,544,0,0,0,0,1,0,0,0,0,0,0,0,0,0,0,0,0,0,0,0,0,0,0,0,0,0,0,0,0,1,0,0,0,0,0,0,0,0,0,0,0,0,0,0,0,0,0,0,0,0,0,0,22
57,25/03/2019,3.2.3,TestRenske,AOITest,AOITestStudentClass,Rec 01,25/03/2019,45867,1920 x 1200,I-VT filter,studentClass.png,185,15,1550,1170,,,,,,,,,17228,14:41:33,1553518719807619.0,58,,Fixation,150,221,610,0,0,0,0,1,0,0,1,0,0,0,0,0,0,0,0,0,0,0,0,0,0,0,0,0,0,0,0,0,0,0,1,0,0,0,0,0,0,0,0,0,0,0,0,0,0,0,0,0,0,0,0,24
58,25/03/2019,3.2.3,TestRenske,AOITest,AOITestStudentClass,Rec 01,25/03/2019,45867,1920 x 1200,I-VT filter,studentClass.png,185,15,1550,1170,,,,,,,,,17394,14:41:34,1553520000000000.0,59,,Fixation,167,322,606,0,0,0,0,1,0,0,1,0,0,0,0,0,0,0,0,0,0,0,0,0,0,0,0,0,0,0,0,0,0,0,1,0,0,0,0,0,0,0,0,0,0,0,0,0,0,0,0,0,0,0,0,24
59,25/03/2019,3.2.3,TestRenske,AOITest,AOITestStudentClass,Rec 01,25/03/2019,45867,1920 x 1200,I-VT filter,studentClass.png,185,15,1550,1170,,,,,,,,,17577,14:41:34,1553518720157308.0,60,,Fixation,216,403,605,0,0,0,0,1,0,0,1,0,0,0,0,0,0,0,0,0,0,0,0,0,0,0,0,0,0,0,0,0,0,0,1,0,0,0,0,0,0,0,0,0,0,0,0,0,0,0,0,0,0,0,0,24
60,25/03/2019,3.2.3,TestRenske,AOITest,AOITestStudentClass,Rec 01,25/03/2019,45867,1920 x 1200,I-VT filter,studentClass.png,185,15,1550,1170,,,,,,,,,17827,14:41:34,1553518720407143.0,61,,Fixation,167,275,646,0,0,0,0,1,0,0,1,0,0,0,0,0,0,0,0,0,0,0,0,0,0,0,0,0,0,0,0,0,0,0,0,1,0,0,0,0,0,0,0,0,0,0,0,0,0,0,0,0,0,0,0,25
61,25/03/2019,3.2.3,TestRenske,AOITest,AOITestStudentClass,Rec 01,25/03/2019,45867,1920 x 1200,I-VT filter,studentClass.png,185,15,1550,1170,,,,,,,,,18027,14:41:34,1553518720606983.0,62,,Fixation,200,425,630,0,0,0,0,1,0,0,1,0,0,0,0,0,0,0,0,0,0,0,0,0,0,0,0,0,0,0,0,0,0,0,0,0,0,0,0,0,0,0,0,0,0,0,0,0,0,0,0,0,0,0,0,0
62,25/03/2019,3.2.3,TestRenske,AOITest,AOITestStudentClass,Rec 01,25/03/2019,45867,1920 x 1200,I-VT filter,studentClass.png,185,15,1550,1170,,,,,,,,,18260,14:41:34,1553520000000000.0,63,,Fixation,233,575,635,0,0,0,0,1,0,0,1,0,0,0,0,0,0,0,0,0,0,0,0,0,0,0,0,0,0,0,0,0,0,0,0,1,0,0,0,0,0,0,0,0,0,0,0,0,0,0,0,0,0,0,0,25
63,25/03/2019,3.2.3,TestRenske,AOITest,AOITestStudentClass,Rec 01,25/03/2019,45867,1920 x 1200,I-VT filter,studentClass.png,185,15,1550,1170,,,,,,,,,18510,14:41:35,1553518721089902.0,64,,Fixation,250,641,627,0,0,0,0,1,0,0,1,0,0,0,0,0,0,0,0,0,0,0,0,0,0,0,0,0,0,0,0,0,0,0,1,0,0,0,0,0,0,0,0,0,0,0,0,0,0,0,0,0,0,0,0,24
64,25/03/2019,3.2.3,TestRenske,AOITest,AOITestStudentClass,Rec 01,25/03/2019,45867,1920 x 1200,I-VT filter,studentClass.png,185,15,1550,1170,,,,,,,,,18777,14:41:35,1553518721356358.0,65,,Fixation,316,660,632,0,0,0,0,1,0,0,1,0,0,0,0,0,0,0,0,0,0,0,0,0,0,0,0,0,0,0,0,0,0,0,0,0,0,0,0,0,0,0,0,0,0,0,0,0,0,0,0,0,0,0,0,0
65,25/03/2019,3.2.3,TestRenske,AOITest,AOITestStudentClass,Rec 01,25/03/2019,45867,1920 x 1200,I-VT filter,studentClass.png,185,15,1550,1170,,,,,,,,,19210,14:41:35,1553518721789286.0,66,,Fixation,183,248,513,0,0,0,0,1,0,1,0,0,0,0,0,0,0,0,0,0,0,0,0,0,0,0,0,0,0,0,0,1,0,0,0,0,0,0,0,0,0,0,0,0,0,0,0,0,0,0,0,0,0,0,0,18
66,25/03/2019,3.2.3,TestRenske,AOITest,AOITestStudentClass,Rec 01,25/03/2019,45867,1920 x 1200,I-VT filter,studentClass.png,185,15,1550,1170,,,,,,,,,19409,14:41:36,1553518721989123.0,67,,Fixation,183,317,513,0,0,0,0,1,0,1,0,0,0,0,0,0,0,0,0,0,0,0,0,0,0,0,0,0,0,0,0,1,0,0,0,0,0,0,0,0,0,0,0,0,0,0,0,0,0,0,0,0,0,0,0,18
67,25/03/2019,3.2.3,TestRenske,AOITest,AOITestStudentClass,Rec 01,25/03/2019,45867,1920 x 1200,I-VT filter,studentClass.png,185,15,1550,1170,,,,,,,,,19609,14:41:36,1553518722188963.0,68,,Fixation,333,386,514,0,0,0,0,1,0,1,0,0,0,0,0,0,0,0,0,0,0,0,0,0,0,0,0,0,0,0,0,1,0,0,0,0,0,0,0,0,0,0,0,0,0,0,0,0,0,0,0,0,0,0,0,18
68,25/03/2019,3.2.3,TestRenske,AOITest,AOITestStudentClass,Rec 01,25/03/2019,45867,1920 x 1200,I-VT filter,studentClass.png,185,15,1550,1170,,,,,,,,,19976,14:41:36,1553518722555277.0,69,,Fixation,266,198,542,0,0,0,0,1,0,0,0,0,0,0,0,0,0,0,0,0,0,0,0,0,0,0,0,0,0,0,0,0,0,0,0,0,0,0,0,0,0,0,0,0,0,0,0,0,0,0,0,0,0,0,0,0
69,25/03/2019,3.2.3,TestRenske,AOITest,AOITestStudentClass,Rec 01,25/03/2019,45867,1920 x 1200,I-VT filter,studentClass.png,185,15,1550,1170,,,,,,,,,20275,14:41:36,1553518722855101.0,70,,Fixation,500,254,673,0,0,0,0,1,0,0,1,0,0,0,0,0,0,0,0,0,0,0,0,0,0,0,0,0,0,0,0,0,0,0,0,0,1,0,0,0,0,0,0,0,0,0,0,0,0,0,0,0,0,0,0,26
70,25/03/2019,3.2.3,TestRenske,AOITest,AOITestStudentClass,Rec 01,25/03/2019,45867,1920 x 1200,I-VT filter,studentClass.png,185,15,1550,1170,,,,,,,,,20792,14:41:37,1553518723371389.0,71,,Fixation,183,245,646,0,0,0,0,1,0,0,1,0,0,0,0,0,0,0,0,0,0,0,0,0,0,0,0,0,0,0,0,0,0,0,0,1,0,0,0,0,0,0,0,0,0,0,0,0,0,0,0,0,0,0,0,25
71,25/03/2019,3.2.3,TestRenske,AOITest,AOITestStudentClass,Rec 01,25/03/2019,45867,1920 x 1200,I-VT filter,studentClass.png,185,15,1550,1170,,,,,,,,,20992,14:41:37,1553520000000000.0,72,,Fixation,200,231,668,0,0,0,0,1,0,0,1,0,0,0,0,0,0,0,0,0,0,0,0,0,0,0,0,0,0,0,0,0,0,0,0,0,1,0,0,0,0,0,0,0,0,0,0,0,0,0,0,0,0,0,0,26
72,25/03/2019,3.2.3,TestRenske,AOITest,AOITestStudentClass,Rec 01,25/03/2019,45867,1920 x 1200,I-VT filter,studentClass.png,185,15,1550,1170,,,,,,,,,21225,14:41:37,1553518723804318.0,73,,Fixation,183,259,543,0,0,0,0,1,0,0,0,0,0,0,0,0,0,0,0,0,0,0,0,0,0,0,0,0,0,0,0,0,1,0,0,0,0,0,0,0,0,0,0,0,0,0,0,0,0,0,0,0,0,0,0,22
73,25/03/2019,3.2.3,TestRenske,AOITest,AOITestStudentClass,Rec 01,25/03/2019,45867,1920 x 1200,I-VT filter,studentClass.png,185,15,1550,1170,,,,,,,,,21441,14:41:38,1553518724020781.0,74,,Fixation,266,194,549,0,0,0,0,1,0,0,0,0,0,0,0,0,0,0,0,0,0,0,0,0,0,0,0,0,0,0,0,0,1,0,0,0,0,0,0,0,0,0,0,0,0,0,0,0,0,0,0,0,0,0,0,22
74,25/03/2019,3.2.3,TestRenske,AOITest,AOITestStudentClass,Rec 01,25/03/2019,45867,1920 x 1200,I-VT filter,studentClass.png,185,15,1550,1170,,,,,,,,,21741,14:41:38,1553518724320605.0,75,,Fixation,250,261,668,0,0,0,0,1,0,0,1,0,0,0,0,0,0,0,0,0,0,0,0,0,0,0,0,0,0,0,0,0,0,0,0,0,1,0,0,0,0,0,0,0,0,0,0,0,0,0,0,0,0,0,0,26
75,25/03/2019,3.2.3,TestRenske,AOITest,AOITestStudentClass,Rec 01,25/03/2019,45867,1920 x 1200,I-VT filter,studentClass.png,185,15,1550,1170,,,,,,,,,22024,14:41:38,1553518724603683.0,76,,Fixation,150,209,654,0,0,0,0,1,0,0,1,0,0,0,0,0,0,0,0,0,0,0,0,0,0,0,0,0,0,0,0,0,0,0,0,1,0,0,0,0,0,0,0,0,0,0,0,0,0,0,0,0,0,0,0,25
76,25/03/2019,3.2.3,TestRenske,AOITest,AOITestStudentClass,Rec 01,25/03/2019,45867,1920 x 1200,I-VT filter,studentClass.png,185,15,1550,1170,,,,,,,,,22191,14:41:38,1553518724770155.0,77,,Fixation,316,205,610,0,0,0,0,1,0,0,1,0,0,0,0,0,0,0,0,0,0,0,0,0,0,0,0,0,0,0,0,0,0,0,1,0,0,0,0,0,0,0,0,0,0,0,0,0,0,0,0,0,0,0,0,24
77,25/03/2019,3.2.3,TestRenske,AOITest,AOITestStudentClass,Rec 01,25/03/2019,45867,1920 x 1200,I-VT filter,studentClass.png,185,15,1550,1170,,,,,,,,,22557,14:41:39,1553518725136595.0,78,,Fixation,283,430,606,0,0,0,0,1,0,0,1,0,0,0,0,0,0,0,0,0,0,0,0,0,0,0,0,0,0,0,0,0,0,0,1,0,0,0,0,0,0,0,0,0,0,0,0,0,0,0,0,0,0,0,0,24
78,25/03/2019,3.2.3,TestRenske,AOITest,AOITestStudentClass,Rec 01,25/03/2019,45867,1920 x 1200,I-VT filter,studentClass.png,185,15,1550,1170,,,,,,,,,22874,14:41:39,1553518725452918.0,79,,Fixation,233,187,740,0,0,0,0,1,0,0,0,0,0,0,0,0,0,0,0,0,0,0,0,0,0,0,0,0,0,0,0,0,0,0,0,0,0,0,1,0,0,0,0,0,0,0,0,0,0,0,0,0,0,0,0,28
79,25/03/2019,3.2.3,TestRenske,AOITest,AOITestStudentClass,Rec 01,25/03/2019,45867,1920 x 1200,I-VT filter,studentClass.png,185,15,1550,1170,,,,,,,,,23123,14:41:39,1553518725702749.0,80,,Fixation,433,255,726,0,0,0,0,1,0,0,0,0,0,0,0,0,0,0,0,0,0,0,0,0,0,0,0,0,0,0,0,0,0,0,0,0,0,0,1,0,0,0,0,0,0,0,0,0,0,0,0,0,0,0,0,28
80,25/03/2019,3.2.3,TestRenske,AOITest,AOITestStudentClass,Rec 01,25/03/2019,45867,1920 x 1200,I-VT filter,studentClass.png,185,15,1550,1170,,,,,,,,,23573,14:41:40,1553518726152421.0,81,,Fixation,450,189,726,0,0,0,0,1,0,0,0,0,0,0,0,0,0,0,0,0,0,0,0,0,0,0,0,0,0,0,0,0,0,0,0,0,0,0,1,0,0,0,0,0,0,0,0,0,0,0,0,0,0,0,0,28
81,25/03/2019,3.2.3,TestRenske,AOITest,AOITestStudentClass,Rec 01,25/03/2019,45867,1920 x 1200,I-VT filter,studentClass.png,185,15,1550,1170,,,,,,,,,24056,14:41:40,1553518726635337.0,82,,Fixation,166,182,819,0,0,0,0,0,1,0,0,0,0,0,0,0,0,0,0,0,0,0,0,0,0,0,0,0,0,0,0,0,0,0,0,0,0,0,0,0,0,1,0,0,0,0,0,0,0,0,0,0,0,0,0,31
82,25/03/2019,3.2.3,TestRenske,AOITest,AOITestStudentClass,Rec 01,25/03/2019,45867,1920 x 1200,I-VT filter,studentClass.png,185,15,1550,1170,,,,,,,,,24256,14:41:40,1553518726835174.0,83,,Fixation,200,331,813,0,0,0,0,0,1,0,0,0,0,0,0,0,0,0,0,0,0,0,0,0,0,0,0,0,0,0,0,0,0,0,0,0,0,0,0,0,0,1,0,0,0,0,0,0,0,0,0,0,0,0,0,31
83,25/03/2019,3.2.3,TestRenske,AOITest,AOITestStudentClass,Rec 01,25/03/2019,45867,1920 x 1200,I-VT filter,studentClass.png,185,15,1550,1170,,,,,,,,,24472,14:41:41,1553518727051636.0,84,,Fixation,166,442,818,0,0,0,0,0,1,0,0,0,0,0,0,0,0,0,0,0,0,0,0,0,0,0,0,0,0,0,0,0,0,0,0,0,0,0,0,0,0,1,0,0,0,0,0,0,0,0,0,0,0,0,0,31
84,25/03/2019,3.2.3,TestRenske,AOITest,AOITestStudentClass,Rec 01,25/03/2019,45867,1920 x 1200,I-VT filter,studentClass.png,185,15,1550,1170,,,,,,,,,24672,14:41:41,1553518727251476.0,85,,Fixation,183,210,881,0,0,0,0,0,1,0,0,1,0,0,0,0,0,0,0,0,0,0,0,0,0,0,0,0,0,0,0,0,0,0,0,0,0,0,0,0,0,0,0,1,0,0,0,0,0,0,0,0,0,0,0,33
85,25/03/2019,3.2.3,TestRenske,AOITest,AOITestStudentClass,Rec 01,25/03/2019,45867,1920 x 1200,I-VT filter,studentClass.png,185,15,1550,1170,,,,,,,,,24889,14:41:41,1553518727467942.0,86,,Fixation,200,404,875,0,0,0,0,0,1,0,0,1,0,0,0,0,0,0,0,0,0,0,0,0,0,0,0,0,0,0,0,0,0,0,0,0,0,0,0,0,0,0,0,1,0,0,0,0,0,0,0,0,0,0,0,33
86,25/03/2019,3.2.3,TestRenske,AOITest,AOITestStudentClass,Rec 01,25/03/2019,45867,1920 x 1200,I-VT filter,studentClass.png,185,15,1550,1170,,,,,,,,,25122,14:41:41,1553518727701151.0,87,,Fixation,233,641,871,0,0,0,0,0,1,0,0,1,0,0,0,0,0,0,0,0,0,0,0,0,0,0,0,0,0,0,0,0,0,0,0,0,0,0,0,0,0,0,0,0,0,0,0,0,0,0,0,0,0,0,0,0
87,25/03/2019,3.2.3,TestRenske,AOITest,AOITestStudentClass,Rec 01,25/03/2019,45867,1920 x 1200,I-VT filter,studentClass.png,185,15,1550,1170,,,,,,,,,25388,14:41:42,1553518727967606.0,88,,Fixation,200,856,867,0,0,0,0,0,1,0,0,1,0,0,0,0,0,0,0,0,0,0,0,0,0,0,0,0,0,0,0,0,0,0,0,0,0,0,0,0,0,0,0,0,0,0,0,0,0,0,0,0,0,0,0,0
88,25/03/2019,3.2.3,TestRenske,AOITest,AOITestStudentClass,Rec 01,25/03/2019,45867,1920 x 1200,I-VT filter,studentClass.png,185,15,1550,1170,,,,,,,,,25605,14:41:42,1553518728184068.0,89,,Fixation,200,767,868,0,0,0,0,0,1,0,0,1,0,0,0,0,0,0,0,0,0,0,0,0,0,0,0,0,0,0,0,0,0,0,0,0,0,0,0,0,0,0,0,0,0,0,0,0,0,0,0,0,0,0,0,0
89,25/03/2019,3.2.3,TestRenske,AOITest,AOITestStudentClass,Rec 01,25/03/2019,45867,1920 x 1200,I-VT filter,studentClass.png,185,15,1550,1170,,,,,,,,,25838,14:41:42,1553518728417155.0,90,,Fixation,250,631,867,0,0,0,0,0,1,0,0,1,0,0,0,0,0,0,0,0,0,0,0,0,0,0,0,0,0,0,0,0,0,0,0,0,0,0,0,0,0,0,0,0,0,0,0,0,0,0,0,0,0,0,0,0
90,25/03/2019,3.2.3,TestRenske,AOITest,AOITestStudentClass,Rec 01,25/03/2019,45867,1920 x 1200,I-VT filter,studentClass.png,185,15,1550,1170,,,,,,,,,26121,14:41:42,1553518728700233.0,91,,Fixation,233,539,865,0,0,0,0,0,1,0,0,1,0,0,0,0,0,0,0,0,0,0,0,0,0,0,0,0,0,0,0,0,0,0,0,0,0,0,0,0,0,0,1,0,0,0,0,0,0,0,0,0,0,0,0,32
91,25/03/2019,3.2.3,TestRenske,AOITest,AOITestStudentClass,Rec 01,25/03/2019,45867,1920 x 1200,I-VT filter,studentClass.png,185,15,1550,1170,,,,,,,,,26388,14:41:43,1553518728966687.0,92,,Fixation,300,681,872,0,0,0,0,0,1,0,0,1,0,0,0,0,0,0,0,0,0,0,0,0,0,0,0,0,0,0,0,0,0,0,0,0,0,0,0,0,0,0,0,0,0,0,0,0,0,0,0,0,0,0,0,0
92,25/03/2019,3.2.3,TestRenske,AOITest,AOITestStudentClass,Rec 01,25/03/2019,45867,1920 x 1200,I-VT filter,studentClass.png,185,15,1550,1170,,,,,,,,,26721,14:41:43,1553518729299755.0,93,,Fixation,216,794,866,0,0,0,0,0,1,0,0,1,0,0,0,0,0,0,0,0,0,0,0,0,0,0,0,0,0,0,0,0,0,0,0,0,0,0,0,0,0,0,1,0,0,0,0,0,0,0,0,0,0,0,0,32
93,25/03/2019,3.2.3,TestRenske,AOITest,AOITestStudentClass,Rec 01,25/03/2019,45867,1920 x 1200,I-VT filter,studentClass.png,185,15,1550,1170,,,,,,,,,26971,14:41:43,1553518729549588.0,94,,Fixation,200,857,859,0,0,0,0,0,1,0,0,1,0,0,0,0,0,0,0,0,0,0,0,0,0,0,0,0,0,0,0,0,0,0,0,0,0,0,0,0,0,0,1,0,0,0,0,0,0,0,0,0,0,0,0,32
94,25/03/2019,3.2.3,TestRenske,AOITest,AOITestStudentClass,Rec 01,25/03/2019,45867,1920 x 1200,I-VT filter,studentClass.png,185,15,1550,1170,,,,,,,,,27204,14:41:43,1553518729782672.0,95,,Fixation,233,1008,859,0,0,0,0,0,1,0,0,1,0,0,0,0,0,0,0,0,0,0,0,0,0,0,0,0,0,0,0,0,0,0,0,0,0,0,0,0,0,0,1,0,0,0,0,0,0,0,0,0,0,0,0,32
95,25/03/2019,3.2.3,TestRenske,AOITest,AOITestStudentClass,Rec 01,25/03/2019,45867,1920 x 1200,I-VT filter,studentClass.png,185,15,1550,1170,,,,,,,,,27470,14:41:44,1553518730049127.0,96,,Fixation,233,1290,861,0,0,0,0,0,1,0,0,1,0,0,0,0,0,0,0,0,0,0,0,0,0,0,0,0,0,0,0,0,0,0,0,0,0,0,0,0,0,0,1,0,0,0,0,0,0,0,0,0,0,0,0,32
96,25/03/2019,3.2.3,TestRenske,AOITest,AOITestStudentClass,Rec 01,25/03/2019,45867,1920 x 1200,I-VT filter,studentClass.png,185,15,1550,1170,,,,,,,,,27737,14:41:44,1553518730315582.0,97,,Fixation,250,1451,855,0,0,0,0,0,1,0,0,1,0,0,0,0,0,0,0,0,0,0,0,0,0,0,0,0,0,0,0,0,0,0,0,0,0,0,0,0,0,0,1,0,0,0,0,0,0,0,0,0,0,0,0,32
97,25/03/2019,3.2.3,TestRenske,AOITest,AOITestStudentClass,Rec 01,25/03/2019,45867,1920 x 1200,I-VT filter,studentClass.png,185,15,1550,1170,,,,,,,,,28020,14:41:44,1553518730598656.0,98,,Fixation,333,1224,858,0,0,0,0,0,1,0,0,1,0,0,0,0,0,0,0,0,0,0,0,0,0,0,0,0,0,0,0,0,0,0,0,0,0,0,0,0,0,0,1,0,0,0,0,0,0,0,0,0,0,0,0,32
98,25/03/2019,3.2.3,TestRenske,AOITest,AOITestStudentClass,Rec 01,25/03/2019,45867,1920 x 1200,I-VT filter,studentClass.png,185,15,1550,1170,,,,,,,,,28370,14:41:45,1553518730948468.0,99,,Fixation,233,1047,864,0,0,0,0,0,1,0,0,1,0,0,0,0,0,0,0,0,0,0,0,0,0,0,0,0,0,0,0,0,0,0,0,0,0,0,0,0,0,0,1,0,0,0,0,0,0,0,0,0,0,0,0,32
99,25/03/2019,3.2.3,TestRenske,AOITest,AOITestStudentClass,Rec 01,25/03/2019,45867,1920 x 1200,I-VT filter,studentClass.png,185,15,1550,1170,,,,,,,,,28636,14:41:45,1553518731214921.0,100,,Fixation,250,914,865,0,0,0,0,0,1,0,0,1,0,0,0,0,0,0,0,0,0,0,0,0,0,0,0,0,0,0,0,0,0,0,0,0,0,0,0,0,0,0,1,0,0,0,0,0,0,0,0,0,0,0,0,32
100,25/03/2019,3.2.3,TestRenske,AOITest,AOITestStudentClass,Rec 01,25/03/2019,45867,1920 x 1200,I-VT filter,studentClass.png,185,15,1550,1170,,,,,,,,,28903,14:41:45,1553518731481376.0,101,,Fixation,217,963,868,0,0,0,0,0,1,0,0,1,0,0,0,0,0,0,0,0,0,0,0,0,0,0,0,0,0,0,0,0,0,0,0,0,0,0,0,0,0,0,0,0,0,0,0,0,0,0,0,0,0,0,0,0
101,25/03/2019,3.2.3,TestRenske,AOITest,AOITestStudentClass,Rec 01,25/03/2019,45867,1920 x 1200,I-VT filter,studentClass.png,185,15,1550,1170,,,,,,,,,29169,14:41:45,1553518731747832.0,102,,Fixation,150,1147,869,0,0,0,0,0,1,0,0,1,0,0,0,0,0,0,0,0,0,0,0,0,0,0,0,0,0,0,0,0,0,0,0,0,0,0,0,0,0,0,0,0,0,0,0,0,0,0,0,0,0,0,0,0
102,25/03/2019,3.2.3,TestRenske,AOITest,AOITestStudentClass,Rec 01,25/03/2019,45867,1920 x 1200,I-VT filter,studentClass.png,185,15,1550,1170,,,,,,,,,29386,14:41:46,1553518731964296.0,103,,Fixation,150,1389,864,0,0,0,0,0,1,0,0,1,0,0,0,0,0,0,0,0,0,0,0,0,0,0,0,0,0,0,0,0,0,0,0,0,0,0,0,0,0,0,1,0,0,0,0,0,0,0,0,0,0,0,0,32
103,25/03/2019,3.2.3,TestRenske,AOITest,AOITestStudentClass,Rec 01,25/03/2019,45867,1920 x 1200,I-VT filter,studentClass.png,185,15,1550,1170,,,,,,,,,29569,14:41:46,1553518732147387.0,104,,Fixation,300,1502,864,0,0,0,0,0,1,0,0,1,0,0,0,0,0,0,0,0,0,0,0,0,0,0,0,0,0,0,0,0,0,0,0,0,0,0,0,0,0,0,1,0,0,0,0,0,0,0,0,0,0,0,0,32
104,25/03/2019,3.2.3,TestRenske,AOITest,AOITestStudentClass,Rec 01,25/03/2019,45867,1920 x 1200,I-VT filter,studentClass.png,185,15,1550,1170,,,,,,,,,29902,14:41:46,1553518732480458.0,105,,Fixation,233,1118,877,0,0,0,0,0,1,0,0,1,0,0,0,0,0,0,0,0,0,0,0,0,0,0,0,0,0,0,0,0,0,0,0,0,0,0,0,0,0,0,0,1,0,0,0,0,0,0,0,0,0,0,0,33
105,25/03/2019,3.2.3,TestRenske,AOITest,AOITestStudentClass,Rec 01,25/03/2019,45867,1920 x 1200,I-VT filter,studentClass.png,185,15,1550,1170,,,,,,,,,30202,14:41:46,1553518732780284.0,106,,Fixation,216,837,871,0,0,0,0,0,1,0,0,1,0,0,0,0,0,0,0,0,0,0,0,0,0,0,0,0,0,0,0,0,0,0,0,0,0,0,0,0,0,0,0,0,0,0,0,0,0,0,0,0,0,0,0,0
106,25/03/2019,3.2.3,TestRenske,AOITest,AOITestStudentClass,Rec 01,25/03/2019,45867,1920 x 1200,I-VT filter,studentClass.png,185,15,1550,1170,,,,,,,,,30451,14:41:47,1553520000000000.0,107,,Fixation,150,700,887,0,0,0,0,0,1,0,0,1,0,0,0,0,0,0,0,0,0,0,0,0,0,0,0,0,0,0,0,0,0,0,0,0,0,0,0,0,0,0,0,1,0,0,0,0,0,0,0,0,0,0,0,33
107,25/03/2019,3.2.3,TestRenske,AOITest,AOITestStudentClass,Rec 01,25/03/2019,45867,1920 x 1200,I-VT filter,studentClass.png,185,15,1550,1170,,,,,,,,,30751,14:41:47,1553518733329815.0,108,,Fixation,150,183,898,0,0,0,0,0,1,0,0,1,0,0,0,0,0,0,0,0,0,0,0,0,0,0,0,0,0,0,0,0,0,0,0,0,0,0,0,0,0,0,0,0,0,0,0,0,0,0,0,0,0,0,0,0
108,25/03/2019,3.2.3,TestRenske,AOITest,AOITestStudentClass,Rec 01,25/03/2019,45867,1920 x 1200,I-VT filter,studentClass.png,185,15,1550,1170,,,,,,,,,30934,14:41:47,1553518733513033.0,109,,Fixation,167,282,903,0,0,0,0,0,1,0,0,1,0,0,0,0,0,0,0,0,0,0,0,0,0,0,0,0,0,0,0,0,0,0,0,0,0,0,0,0,0,0,0,0,0,0,0,0,0,0,0,0,0,0,0,0
109,25/03/2019,3.2.3,TestRenske,AOITest,AOITestStudentClass,Rec 01,25/03/2019,45867,1920 x 1200,I-VT filter,studentClass.png,185,15,1550,1170,,,,,,,,,31134,14:41:47,1553518733712881.0,110,,Fixation,150,397,902,0,0,0,0,0,1,0,0,1,0,0,0,0,0,0,0,0,0,0,0,0,0,0,0,0,0,0,0,0,0,0,0,0,0,0,0,0,0,0,0,0,0,0,0,0,0,0,0,0,0,0,0,0
110,25/03/2019,3.2.3,TestRenske,AOITest,AOITestStudentClass,Rec 01,25/03/2019,45867,1920 x 1200,I-VT filter,studentClass.png,185,15,1550,1170,,,,,,,,,31317,14:41:48,1553518733895975.0,111,,Fixation,167,489,899,0,0,0,0,0,1,0,0,1,0,0,0,0,0,0,0,0,0,0,0,0,0,0,0,0,0,0,0,0,0,0,0,0,0,0,0,0,0,0,0,0,0,0,0,0,0,0,0,0,0,0,0,0
111,25/03/2019,3.2.3,TestRenske,AOITest,AOITestStudentClass,Rec 01,25/03/2019,45867,1920 x 1200,I-VT filter,studentClass.png,185,15,1550,1170,,,,,,,,,31517,14:41:48,1553518734095817.0,112,,Fixation,216,690,901,0,0,0,0,0,1,0,0,1,0,0,0,0,0,0,0,0,0,0,0,0,0,0,0,0,0,0,0,0,0,0,0,0,0,0,0,0,0,0,0,0,0,0,0,0,0,0,0,0,0,0,0,0
112,25/03/2019,3.2.3,TestRenske,AOITest,AOITestStudentClass,Rec 01,25/03/2019,45867,1920 x 1200,I-VT filter,studentClass.png,185,15,1550,1170,,,,,,,,,31767,14:41:48,1553518734345648.0,113,,Fixation,183,633,897,0,0,0,0,0,1,0,0,1,0,0,0,0,0,0,0,0,0,0,0,0,0,0,0,0,0,0,0,0,0,0,0,0,0,0,0,0,0,0,0,1,0,0,0,0,0,0,0,0,0,0,0,33
113,25/03/2019,3.2.3,TestRenske,AOITest,AOITestStudentClass,Rec 01,25/03/2019,45867,1920 x 1200,I-VT filter,studentClass.png,185,15,1550,1170,,,,,,,,,31967,14:41:48,1553518734545534.0,114,,Fixation,200,755,900,0,0,0,0,0,1,0,0,1,0,0,0,0,0,0,0,0,0,0,0,0,0,0,0,0,0,0,0,0,0,0,0,0,0,0,0,0,0,0,0,0,0,0,0,0,0,0,0,0,0,0,0,0
114,25/03/2019,3.2.3,TestRenske,AOITest,AOITestStudentClass,Rec 01,25/03/2019,45867,1920 x 1200,I-VT filter,studentClass.png,185,15,1550,1170,,,,,,,,,32217,14:41:48,1553518734795329.0,115,,Fixation,300,635,901,0,0,0,0,0,1,0,0,1,0,0,0,0,0,0,0,0,0,0,0,0,0,0,0,0,0,0,0,0,0,0,0,0,0,0,0,0,0,0,0,0,0,0,0,0,0,0,0,0,0,0,0,0
115,25/03/2019,3.2.3,TestRenske,AOITest,AOITestStudentClass,Rec 01,25/03/2019,45867,1920 x 1200,I-VT filter,studentClass.png,185,15,1550,1170,,,,,,,,,32583,14:41:49,1553518735161644.0,116,,Fixation,150,229,489,0,0,0,0,1,0,1,0,0,0,0,0,0,0,0,0,0,0,0,0,0,0,0,0,0,0,0,1,0,0,0,0,0,0,0,0,0,0,0,0,0,0,0,0,0,0,0,0,0,0,0,0,17
116,25/03/2019,3.2.3,TestRenske,AOITest,AOITestStudentClass,Rec 01,25/03/2019,45867,1920 x 1200,I-VT filter,studentClass.png,185,15,1550,1170,,,,,,,,,32750,14:41:49,1553518735328112.0,117,,Fixation,67,246,500,0,0,0,0,1,0,1,0,0,0,0,0,0,0,0,0,0,0,0,0,0,0,0,0,0,0,0,1,0,0,0,0,0,0,0,0,0,0,0,0,0,0,0,0,0,0,0,0,0,0,0,0,17
117,25/03/2019,3.2.3,TestRenske,AOITest,AOITestStudentClass,Rec 01,25/03/2019,45867,1920 x 1200,I-VT filter,studentClass.png,185,15,1550,1170,,,,,,,,,32850,14:41:49,1553518735428094.0,118,,Fixation,183,267,459,0,0,0,0,1,0,0,0,0,0,0,0,0,0,0,0,0,0,0,0,0,0,0,0,0,0,1,0,0,0,0,0,0,0,0,0,0,0,0,0,0,0,0,0,0,0,0,0,0,0,0,0,16
118,25/03/2019,3.2.3,TestRenske,AOITest,AOITestStudentClass,Rec 01,25/03/2019,45867,1920 x 1200,I-VT filter,studentClass.png,185,15,1550,1170,,,,,,,,,33050,14:41:49,1553518735627941.0,119,,Fixation,250,311,347,0,0,0,1,0,0,0,0,0,0,0,0,0,0,0,0,0,0,0,0,0,0,1,0,0,0,0,0,0,0,0,0,0,0,0,0,0,0,0,0,0,0,0,0,0,0,0,0,0,0,0,0,12
119,25/03/2019,3.2.3,TestRenske,AOITest,AOITestStudentClass,Rec 01,25/03/2019,45867,1920 x 1200,I-VT filter,studentClass.png,185,15,1550,1170,,,,,,,,,33349,14:41:50,1553518735927636.0,120,,Fixation,316,326,208,0,0,1,0,0,0,0,0,0,0,0,0,0,0,0,0,0,0,0,0,0,0,0,0,0,0,0,0,0,0,0,0,0,0,0,0,0,0,0,0,0,0,0,0,0,0,0,0,0,0,0,0,0
120,25/03/2019,3.2.3,TestRenske,AOITest,AOITestStudentClass,Rec 01,25/03/2019,45867,1920 x 1200,I-VT filter,studentClass.png,185,15,1550,1170,,,,,,,,,33682,14:41:50,1553518736260705.0,121,,Fixation,283,269,248,0,0,1,0,0,0,0,0,0,0,0,0,0,0,0,0,0,0,0,1,0,0,0,0,0,0,0,0,0,0,0,0,0,0,0,0,0,0,0,0,0,0,0,0,0,0,0,0,0,0,0,0,9
121,25/03/2019,3.2.3,TestRenske,AOITest,AOITestStudentClass,Rec 01,25/03/2019,45867,1920 x 1200,I-VT filter,studentClass.png,185,15,1550,1170,,,,,,,,,34049,14:41:50,1553518736627143.0,122,,Fixation,217,535,1000,0,0,0,0,0,1,0,0,0,1,0,0,0,0,0,0,0,0,0,0,0,0,0,0,0,0,0,0,0,0,0,0,0,0,0,0,0,0,0,0,0,0,0,0,1,0,0,0,0,0,0,0,37
122,25/03/2019,3.2.3,TestRenske,AOITest,AOITestStudentClass,Rec 01,25/03/2019,45867,1920 x 1200,I-VT filter,studentClass.png,185,15,1550,1170,,,,,,,,,34299,14:41:50,1553518736876854.0,123,,Fixation,83,619,980,0,0,0,0,0,1,0,0,0,1,0,0,0,0,0,0,0,0,0,0,0,0,0,0,0,0,0,0,0,0,0,0,0,0,0,0,0,0,0,0,0,0,0,1,0,0,0,0,0,0,0,0,36
123,25/03/2019,3.2.3,TestRenske,AOITest,AOITestStudentClass,Rec 01,25/03/2019,45867,1920 x 1200,I-VT filter,studentClass.png,185,15,1550,1170,,,,,,,,,34432,14:41:51,1553518737010083.0,124,,Fixation,133,243,977,0,0,0,0,0,1,0,0,0,1,0,0,0,0,0,0,0,0,0,0,0,0,0,0,0,0,0,0,0,0,0,0,0,0,0,0,0,0,0,0,0,0,0,1,0,0,0,0,0,0,0,0,36
124,25/03/2019,3.2.3,TestRenske,AOITest,AOITestStudentClass,Rec 01,25/03/2019,45867,1920 x 1200,I-VT filter,studentClass.png,185,15,1550,1170,,,,,,,,,34598,14:41:51,1553518737176681.0,125,,Fixation,233,277,971,0,0,0,0,0,1,0,0,0,1,0,0,0,0,0,0,0,0,0,0,0,0,0,0,0,0,0,0,0,0,0,0,0,0,0,0,0,0,0,0,0,0,0,1,0,0,0,0,0,0,0,0,36
125,25/03/2019,3.2.3,TestRenske,AOITest,AOITestStudentClass,Rec 01,25/03/2019,45867,1920 x 1200,I-VT filter,studentClass.png,185,15,1550,1170,,,,,,,,,34848,14:41:51,1553518737426516.0,126,,Fixation,150,191,965,0,0,0,0,0,1,0,0,0,1,0,0,0,0,0,0,0,0,0,0,0,0,0,0,0,0,0,0,0,0,0,0,0,0,0,0,0,0,0,0,0,0,0,1,0,0,0,0,0,0,0,0,36
126,25/03/2019,3.2.3,TestRenske,AOITest,AOITestStudentClass,Rec 01,25/03/2019,45867,1920 x 1200,I-VT filter,studentClass.png,185,15,1550,1170,,,,,,,,,35481,14:41:52,1553518738059426.0,127,,Fixation,150,341,975,0,0,0,0,0,1,0,0,0,1,0,0,0,0,0,0,0,0,0,0,0,0,0,0,0,0,0,0,0,0,0,0,0,0,0,0,0,0,0,0,0,0,0,1,0,0,0,0,0,0,4,4,36
127,25/03/2019,3.2.3,TestRenske,AOITest,AOITestStudentClass,Rec 01,25/03/2019,45867,1920 x 1200,I-VT filter,studentClass.png,185,15,1550,1170,,,,,,,,,35664,14:41:52,1553518738242502.0,128,,Fixation,250,242,998,0,0,0,0,0,1,0,0,0,1,0,0,0,0,0,0,0,0,0,0,0,0,0,0,0,0,0,0,0,0,0,0,0,0,0,0,0,0,0,0,0,0,0,0,1,0,0,0,0,0,0,0,37
128,25/03/2019,3.2.3,TestRenske,AOITest,AOITestStudentClass,Rec 01,25/03/2019,45867,1920 x 1200,I-VT filter,studentClass.png,185,15,1550,1170,,,,,,,,,35931,14:41:52,1553518738508957.0,129,,Fixation,333,220,981,0,0,0,0,0,1,0,0,0,1,0,0,0,0,0,0,0,0,0,0,0,0,0,0,0,0,0,0,0,0,0,0,0,0,0,0,0,0,0,0,0,0,0,1,0,0,0,0,0,0,0,0,36
129,25/03/2019,3.2.3,TestRenske,AOITest,AOITestStudentClass,Rec 01,25/03/2019,45867,1920 x 1200,I-VT filter,studentClass.png,185,15,1550,1170,,,,,,,,,36314,14:41:53,1553518738892012.0,130,,Fixation,167,357,1016,0,0,0,0,0,1,0,0,0,1,0,0,0,0,0,0,0,0,0,0,0,0,0,0,0,0,0,0,0,0,0,0,0,0,0,0,0,0,0,0,0,0,0,0,1,0,0,0,0,0,0,0,37
130,25/03/2019,3.2.3,TestRenske,AOITest,AOITestStudentClass,Rec 01,25/03/2019,45867,1920 x 1200,I-VT filter,studentClass.png,185,15,1550,1170,,,,,,,,,36497,14:41:53,1553520000000000.0,131,,Fixation,117,477,997,0,0,0,0,0,1,0,0,0,1,0,0,0,0,0,0,0,0,0,0,0,0,0,0,0,0,0,0,0,0,0,0,0,0,0,0,0,0,0,0,0,0,0,0,1,0,0,0,0,0,0,0,37
131,25/03/2019,3.2.3,TestRenske,AOITest,AOITestStudentClass,Rec 01,25/03/2019,45867,1920 x 1200,I-VT filter,studentClass.png,185,15,1550,1170,,,,,,,,,36631,14:41:53,1553518739208707.0,132,,Fixation,600,474,983,0,0,0,0,0,1,0,0,0,1,0,0,0,0,0,0,0,0,0,0,0,0,0,0,0,0,0,0,0,0,0,0,0,0,0,0,0,0,0,0,0,0,0,1,0,0,0,0,0,0,0,4,36
132,25/03/2019,3.2.3,TestRenske,AOITest,AOITestStudentClass,Rec 01,25/03/2019,45867,1920 x 1200,I-VT filter,studentClass.png,185,15,1550,1170,,,,,,,,,37263,14:41:53,1553518739841211.0,133,,Fixation,250,613,960,0,0,0,0,0,1,0,0,0,1,0,0,0,0,0,0,0,0,0,0,0,0,0,0,0,0,0,0,0,0,0,0,0,0,0,0,0,0,0,0,0,0,0,0,0,0,0,0,0,0,0,4,0
133,25/03/2019,3.2.3,TestRenske,AOITest,AOITestStudentClass,Rec 01,25/03/2019,45867,1920 x 1200,I-VT filter,studentClass.png,185,15,1550,1170,,,,,,,,,37613,14:41:54,1553518740191137.0,134,,Fixation,283,479,987,0,0,0,0,0,1,0,0,0,1,0,0,0,0,0,0,0,0,0,0,0,0,0,0,0,0,0,0,0,0,0,0,0,0,0,0,0,0,0,0,0,0,0,1,0,0,0,0,0,0,0,4,36
134,25/03/2019,3.2.3,TestRenske,AOITest,AOITestStudentClass,Rec 01,25/03/2019,45867,1920 x 1200,I-VT filter,studentClass.png,185,15,1550,1170,,,,,,,,,38113,14:41:54,1553518740690415.0,135,,Fixation,166,472,1002,0,0,0,0,0,1,0,0,0,1,0,0,0,0,0,0,0,0,0,0,0,0,0,0,0,0,0,0,0,0,0,0,0,0,0,0,0,0,0,0,0,0,0,0,1,0,0,0,0,0,0,0,37
135,25/03/2019,3.2.3,TestRenske,AOITest,AOITestStudentClass,Rec 01,25/03/2019,45867,1920 x 1200,I-VT filter,studentClass.png,185,15,1550,1170,,,,,,,,,38312,14:41:55,1553518740890266.0,136,,Fixation,200,589,990,0,0,0,0,0,1,0,0,0,1,0,0,0,0,0,0,0,0,0,0,0,0,0,0,0,0,0,0,0,0,0,0,0,0,0,0,0,0,0,0,0,0,0,0,0,0,0,0,0,0,0,0,0
136,25/03/2019,3.2.3,TestRenske,AOITest,AOITestStudentClass,Rec 01,25/03/2019,45867,1920 x 1200,I-VT filter,studentClass.png,185,15,1550,1170,,,,,,,,,38529,14:41:55,1553520000000000.0,137,,Fixation,316,434,1000,0,0,0,0,0,1,0,0,0,1,0,0,0,0,0,0,0,0,0,0,0,0,0,0,0,0,0,0,0,0,0,0,0,0,0,0,0,0,0,0,0,0,0,0,1,0,0,0,0,0,0,0,37
137,25/03/2019,3.2.3,TestRenske,AOITest,AOITestStudentClass,Rec 01,25/03/2019,45867,1920 x 1200,I-VT filter,studentClass.png,185,15,1550,1170,,,,,,,,,38895,14:41:55,1553518741473045.0,138,,Fixation,167,222,1031,0,0,0,0,0,1,0,0,0,0,1,0,0,0,0,0,0,0,0,0,0,0,0,0,0,0,0,0,0,0,0,0,0,0,0,0,0,0,0,0,0,0,0,0,0,1,0,0,0,0,0,0,38
138,25/03/2019,3.2.3,TestRenske,AOITest,AOITestStudentClass,Rec 01,25/03/2019,45867,1920 x 1200,I-VT filter,studentClass.png,185,15,1550,1170,,,,,,,,,39078,14:41:55,1553518741656267.0,139,,Fixation,150,210,1065,0,0,0,0,0,1,0,0,0,0,1,0,0,0,0,0,0,0,0,0,0,0,0,0,0,0,0,0,0,0,0,0,0,0,0,0,0,0,0,0,0,0,0,0,0,0,1,0,0,0,0,0,39
139,25/03/2019,3.2.3,TestRenske,AOITest,AOITestStudentClass,Rec 01,25/03/2019,45867,1920 x 1200,I-VT filter,studentClass.png,185,15,1550,1170,,,,,,,,,39262,14:41:55,1553518741839487.0,140,,Fixation,150,370,1079,0,0,0,0,0,1,0,0,0,0,1,0,0,0,0,0,0,0,0,0,0,0,0,0,0,0,0,0,0,0,0,0,0,0,0,0,0,0,0,0,0,0,0,0,0,0,0,0,0,0,0,0,0
140,25/03/2019,3.2.3,TestRenske,AOITest,AOITestStudentClass,Rec 01,25/03/2019,45867,1920 x 1200,I-VT filter,studentClass.png,185,15,1550,1170,,,,,,,,,39445,14:41:56,1553518742022707.0,141,,Fixation,167,458,1071,0,0,0,0,0,1,0,0,0,0,1,0,0,0,0,0,0,0,0,0,0,0,0,0,0,0,0,0,0,0,0,0,0,0,0,0,0,0,0,0,0,0,0,0,0,0,1,0,0,0,0,0,39
141,25/03/2019,3.2.3,TestRenske,AOITest,AOITestStudentClass,Rec 01,25/03/2019,45867,1920 x 1200,I-VT filter,studentClass.png,185,15,1550,1170,,,,,,,,,39628,14:41:56,1553518742205801.0,142,,Fixation,167,591,1067,0,0,0,0,0,1,0,0,0,0,1,0,0,0,0,0,0,0,0,0,0,0,0,0,0,0,0,0,0,0,0,0,0,0,0,0,0,0,0,0,0,0,0,0,0,0,1,0,0,0,0,0,39
142,25/03/2019,3.2.3,TestRenske,AOITest,AOITestStudentClass,Rec 01,25/03/2019,45867,1920 x 1200,I-VT filter,studentClass.png,185,15,1550,1170,,,,,,,,,39811,14:41:56,1553520000000000.0,143,,Fixation,250,683,1074,0,0,0,0,0,1,0,0,0,0,1,0,0,0,0,0,0,0,0,0,0,0,0,0,0,0,0,0,0,0,0,0,0,0,0,0,0,0,0,0,0,0,0,0,0,0,1,0,0,0,0,0,39
143,25/03/2019,3.2.3,TestRenske,AOITest,AOITestStudentClass,Rec 01,25/03/2019,45867,1920 x 1200,I-VT filter,studentClass.png,185,15,1550,1170,,,,,,,,,40094,14:41:56,1553518742672102.0,144,,Fixation,216,896,1066,0,0,0,0,0,1,0,0,0,0,1,0,0,0,0,0,0,0,0,0,0,0,0,0,0,0,0,0,0,0,0,0,0,0,0,0,0,0,0,0,0,0,0,0,0,0,1,0,0,0,0,0,39
144,25/03/2019,3.2.3,TestRenske,AOITest,AOITestStudentClass,Rec 01,25/03/2019,45867,1920 x 1200,I-VT filter,studentClass.png,185,15,1550,1170,,,,,,,,,40344,14:41:57,1553518742921938.0,145,,Fixation,166,854,1065,0,0,0,0,0,1,0,0,0,0,1,0,0,0,0,0,0,0,0,0,0,0,0,0,0,0,0,0,0,0,0,0,0,0,0,0,0,0,0,0,0,0,0,0,0,0,1,0,0,0,0,0,39
145,25/03/2019,3.2.3,TestRenske,AOITest,AOITestStudentClass,Rec 01,25/03/2019,45867,1920 x 1200,I-VT filter,studentClass.png,185,15,1550,1170,,,,,,,,,40528,14:41:57,1553518743105158.0,146,,Fixation,350,675,1067,0,0,0,0,0,1,0,0,0,0,1,0,0,0,0,0,0,0,0,0,0,0,0,0,0,0,0,0,0,0,0,0,0,0,0,0,0,0,0,0,0,0,0,0,0,0,1,0,0,0,0,0,39
146,25/03/2019,3.2.3,TestRenske,AOITest,AOITestStudentClass,Rec 01,25/03/2019,45867,1920 x 1200,I-VT filter,studentClass.png,185,15,1550,1170,,,,,,,,,40944,14:41:57,1553518743521466.0,147,,Fixation,483,165,1122,0,0,0,0,0,1,0,0,0,0,0,0,0,0,0,0,0,0,0,0,0,0,0,0,0,0,0,0,0,0,0,0,0,0,0,0,0,0,0,0,0,0,0,0,0,0,0,0,1,0,0,0,41
147,25/03/2019,3.2.3,TestRenske,AOITest,AOITestStudentClass,Rec 01,25/03/2019,45867,1920 x 1200,I-VT filter,studentClass.png,185,15,1550,1170,,,,,,,,,41460,14:41:58,1553518744037648.0,148,,Fixation,283,366,1067,0,0,0,0,0,1,0,0,0,0,1,0,0,0,0,0,0,0,0,0,0,0,0,0,0,0,0,0,0,0,0,0,0,0,0,0,0,0,0,0,0,0,0,0,0,0,1,0,0,0,0,0,39
148,25/03/2019,3.2.3,TestRenske,AOITest,AOITestStudentClass,Rec 01,25/03/2019,45867,1920 x 1200,I-VT filter,studentClass.png,185,15,1550,1170,,,,,,,,,41777,14:41:58,1553518744354082.0,149,,Fixation,1449,476,1069,0,0,0,0,0,1,0,0,0,0,1,0,0,0,0,0,0,0,0,0,0,0,0,0,0,0,0,0,0,0,0,0,0,0,0,0,0,0,0,0,0,0,0,0,0,0,1,0,0,0,0,0,39
